model_name,demand_segment,row_count,actual_sum,predicted_sum,mae,rmse,wape,bias,p90_abs_error
store_demand_champion_hgb_high_ma7_medium,all,196000,499059.0,483141.0067392617,1.3365732549143865,2.445287166016415,0.5249246240689373,-0.08121425133029765,2.6009111581866726
store_demand_champion_hgb_high_ma7_medium,high,189309,494324.0,480583.4353106902,1.3587253083149307,2.4819888634865617,0.5203448131019154,-0.07258273346385945,2.806770042429257
store_demand_champion_hgb_high_ma7_medium,medium,6691,4735.0,2557.5714285714284,0.7098234301940772,0.9289380124212914,1.0030472167747773,-0.32542647906569594,1.7142857142857144
baseline_ma28,all,196000,499059.0,488909.5714285715,1.3451027696793003,2.4812576420338948,0.5282744983201242,-0.05178279883381924,2.6428571428571423
baseline_ma28,high,189309,494324.0,486524.9642857143,1.3674746050108553,2.518824941284549,0.5236954912162873,-0.04119738477455226,2.821428571428571
baseline_ma28,medium,6691,4735.0,2384.607142857142,0.7121346371458462,0.9176484321831999,1.0063131694071503,-0.35127676836688954,1.6428571428571428
